﻿<?xml version = "1.0" encoding = "utf-8" ?>
<hibernate-configuration xmlns = "urn:nhibernate-configuration-2.2">
	<session-factory>
		<property name = "connection.connection_string">
			Data Source = "";
			Initial Catalog = "Student";
			Persist Security Info = True;
			User ID = test01;
			Password = 1234;
		</property>
		<property name = "connection.driver_class">
			NHibernate.Driver.SqlClientDriver
		</property>

		<property name = "dialect">
			NHibernate.Dialect.MsSql2012Dialect
		</property>

		<mapping assembly = "StudentManagement"/>

	</session-factory>

</hibernate-configuration>